Geography,Funding Source,Program,Agency,Description,Detail Description,Policy Topic,Policy Subtopic,Allocation (millions),Current As Of,Expiration,is_expired,amount_exact,source_url,source_name
Cook County,ARPA State and Local Fiscal Recovery Funds,Abolish Medical Debt,Agency lead not specified,Purchasing and retiring medical debt of income-eligible patients in Cook County hospitals,"Cook County will support the development of a Community Information Exchange (CIE) for suburban Cook County and the City of Chicago to enhance the 211 system already being collaboratively developed by Cook County, the City of Chicago and a range of partners. A CIE is an interconnected and linked network of health, behavioral health, human, and social service providers that share information and coordinate services so that an individual receives the whole person care they need to be healthy and thrive, regardless of how they initially enter services, creating a “no wrong door” access to the social and health services system.",Household Investment,Household Supportive Services,3.59,2022-02-10,2024-12-31,0,0,"https://www.cookcountyil.gov/sites/g/files/ywwepo161/files/documents/2022-02/ARPA%20At%20A%20Glance%20-%202-10-22.pdf""><a href = ""https://www.cookcountyil.gov/sites/g/files/ywwepo161/files/documents/2022-02/ARPA%20At%20A%20Glance%20-%202-10-22.pdf","<a href = ""https://www.cookcountyil.gov/sites/g/files/ywwepo161/files/documents/2022-02/ARPA%20At%20A%20Glance%20-%202-10-22.pdf"">Cook County ARPA Recovery Plan</a>"
Chicago,ARPA State and Local Fiscal Recovery Funds,Access and awareness for public support services,Chicago Department of Family and Support Services; Chicago Department of Public Health,Community-based navigation resources for public services,"Provides community-based navigation resources to ensure residents are aware of and have access to public services, including the creation of a 211 system",Household Investment,Household Supportive Services,14.7,2021-09-20,2024-12-31,0,1,"https://www.chicago.gov/content/dam/city/depts/obm/supp_info/2022Budget/ChicagoRecoveryPlan.pdf""><a href = ""https://www.chicago.gov/content/dam/city/depts/obm/supp_info/2022Budget/ChicagoRecoveryPlan.pdf","<a href = ""https://www.chicago.gov/content/dam/city/depts/obm/supp_info/2022Budget/ChicagoRecoveryPlan.pdf"">City of Chicago ARPA Recovery Plan</a>"
Chicago,ARPA State and Local Fiscal Recovery Funds,Aid for Chicago's vulnerable students,Chicago Office of Budget and Management,Grants for students and households to cover school supplies,"Provides flexible grants for Chicago students/households to cover school supplies, food, and other essentials that are required for student support",Household Investment,Household Supportive Services,20,2021-09-20,2024-12-31,0,1,"https://www.chicago.gov/content/dam/city/depts/obm/supp_info/2022Budget/ChicagoRecoveryPlan.pdf""><a href = ""https://www.chicago.gov/content/dam/city/depts/obm/supp_info/2022Budget/ChicagoRecoveryPlan.pdf","<a href = ""https://www.chicago.gov/content/dam/city/depts/obm/supp_info/2022Budget/ChicagoRecoveryPlan.pdf"">City of Chicago ARPA Recovery Plan</a>"
Chicago,ARPA State and Local Fiscal Recovery Funds,Artist relief and works fund,Chicago Department of Cultural Affairs and Special Events,Targeted relief for individual artists and cultural organizations not eligible for other federal relief programs,Targeted relief for individual artists and cultural organizations not eligible for other federal relief programs,Household Investment,Targeted Economic Assistance,10,2021-09-20,2024-12-31,0,1,"https://www.chicago.gov/content/dam/city/depts/obm/supp_info/2022Budget/ChicagoRecoveryPlan.pdf""><a href = ""https://www.chicago.gov/content/dam/city/depts/obm/supp_info/2022Budget/ChicagoRecoveryPlan.pdf","<a href = ""https://www.chicago.gov/content/dam/city/depts/obm/supp_info/2022Budget/ChicagoRecoveryPlan.pdf"">City of Chicago ARPA Recovery Plan</a>"
Illinois,CARES,Child Care and Development Block Grant,U.S. Department of Health and Human Services,Child assistance for low-income families,"These funds supplement general revenue funds for child care assistance for low-income families. The supplemental funding must be used for activities authorized under the CCDBG Act that prevent, prepare for, and respond to the Covid-19 pandemic.",Household Investment,Household Supportive Services,118.42,2020-04-15,2023-09-30,0,1,"https://www.acf.hhs.gov/occ/data/2020-cares-act-ccdbg-supplemental-funding-allocations-states-and-territories""><a href = ""https://www.acf.hhs.gov/occ/data/2020-cares-act-ccdbg-supplemental-funding-allocations-states-and-territories","<a href = ""https://www.acf.hhs.gov/occ/data/2020-cares-act-ccdbg-supplemental-funding-allocations-states-and-territories"">U.S. Department of Health and Human Services 2020 CARES Act CCDBG Supplemental Allocations</a>"
Cook County,ARPA State and Local Fiscal Recovery Funds,Community Information Exchange,Agency lead not specified,Development of a Community Information Exchange (CIE) to enhance in-development 211 system,"Cook County Legal Aid for Housing and Debt (CCLAHD) helps residents resolve eviction, foreclosure, consumer debt, and tax deed issues pre-court and during the court process. CCLAHD provides free legal aid, mediation services, case management, and connections for tenants and landlords dealing with evictions, property owners who are behind on their mortgage payments or property taxes, and creditors and debtors with issues related to consumer debt.",Household Investment,Household Supportive Services,3.59,2022-02-10,2024-12-31,0,0,"https://www.cookcountyil.gov/sites/g/files/ywwepo161/files/documents/2022-02/ARPA%20At%20A%20Glance%20-%202-10-22.pdf""><a href = ""https://www.cookcountyil.gov/sites/g/files/ywwepo161/files/documents/2022-02/ARPA%20At%20A%20Glance%20-%202-10-22.pdf","<a href = ""https://www.cookcountyil.gov/sites/g/files/ywwepo161/files/documents/2022-02/ARPA%20At%20A%20Glance%20-%202-10-22.pdf"">Cook County ARPA Recovery Plan</a>"
Cook County,ARPA State and Local Fiscal Recovery Funds,Cook County Legal Aid for Housing and Debt,Agency lead not specified,"Legal aid and case management services for residents facing eviction, foreclosure, consumer debt, and tax deed issues","This program helps residents resolve eviction, foreclosure, consumer debt, and tax deed issues pre-court and during the court process. Services include free legal aid, mediation services, case management, and connections for tenants and landlords dealing with evictions, property owners who are behind on their mortgage payments on property taxes, and creditors and debtors with issues related to consumer debt.",Household Investment,Household Supportive Services,3.59,2022-02-10,2024-12-31,0,0,"https://www.cookcountyil.gov/sites/g/files/ywwepo161/files/documents/2022-02/ARPA%20At%20A%20Glance%20-%202-10-22.pdf""><a href = ""https://www.cookcountyil.gov/sites/g/files/ywwepo161/files/documents/2022-02/ARPA%20At%20A%20Glance%20-%202-10-22.pdf","<a href = ""https://www.cookcountyil.gov/sites/g/files/ywwepo161/files/documents/2022-02/ARPA%20At%20A%20Glance%20-%202-10-22.pdf"">Cook County ARPA Recovery Plan</a>"
Cook County,ARPA State and Local Fiscal Recovery Funds,Cook County Residential Water Conservation and Energy Efficiency Program,Agency lead not specified,Utility bill cost reduction program,"The program will increase housing affordability for residents by reducing utility costs. Specifically, the project identifies residents for home energy and water assessments and implement energy efficiency improvements and water conservation measures (such as window replacement, roof repairs, insulation, air sealing, HVAC improvements, LED lighting, energyefficient windows and doors, installing low-flow water appliances and repairing leaks).",Household Investment,Utility Assistance,3.59,2022-02-10,2024-12-31,0,0,"https://www.cookcountyil.gov/sites/g/files/ywwepo161/files/documents/2022-02/ARPA%20At%20A%20Glance%20-%202-10-22.pdf""><a href = ""https://www.cookcountyil.gov/sites/g/files/ywwepo161/files/documents/2022-02/ARPA%20At%20A%20Glance%20-%202-10-22.pdf","<a href = ""https://www.cookcountyil.gov/sites/g/files/ywwepo161/files/documents/2022-02/ARPA%20At%20A%20Glance%20-%202-10-22.pdf"">Cook County ARPA Recovery Plan</a>"
Cook County,ARPA State and Local Fiscal Recovery Funds,Cook County Water Affordability Program,Agency lead not specified,Water utility bill payment assistance,"The Cook County Water Affordability Program will provide water utility bill payment assistance to help households suffering from income loss and mounting bills during the pandemic. The program will reduce uncollectable debt for municipal water utilities. The anticipated focus of the program is on communities with a high-water burden, meaning that the household spends a significantly larger portion of their income on the water and sewer bill.",Household Investment,Utility Assistance,3.59,2022-02-10,2024-12-31,0,0,"https://www.cookcountyil.gov/sites/g/files/ywwepo161/files/documents/2022-02/ARPA%20At%20A%20Glance%20-%202-10-22.pdf""><a href = ""https://www.cookcountyil.gov/sites/g/files/ywwepo161/files/documents/2022-02/ARPA%20At%20A%20Glance%20-%202-10-22.pdf","<a href = ""https://www.cookcountyil.gov/sites/g/files/ywwepo161/files/documents/2022-02/ARPA%20At%20A%20Glance%20-%202-10-22.pdf"">Cook County ARPA Recovery Plan</a>"
Cook County,ARPA State and Local Fiscal Recovery Funds,Guaranteed Income Program,Agency lead not specified,Recurring monthly unrestricted payments to a to-be-defined set of residents for at least 12 months to improve participants’ long-term economic stability,The Cook County Guaranteed Income Program will provide recurring monthly unrestricted payments to a to-be-defined set of residents for at least 12 months to improve participants’ long-term economic stability. The Guaranteed Income Program builds on the demonstrated success of guaranteed income programs in other jurisdictions in increasing residents’ financial stability and improving their health outcomes. Cook County’s program will include a research evaluation component to help the County better understand participant impacts.,Household Investment,Direct Cash Assistance,3.59,2022-02-10,2024-12-31,0,0,"https://www.cookcountyil.gov/sites/g/files/ywwepo161/files/documents/2022-02/ARPA%20At%20A%20Glance%20-%202-10-22.pdf""><a href = ""https://www.cookcountyil.gov/sites/g/files/ywwepo161/files/documents/2022-02/ARPA%20At%20A%20Glance%20-%202-10-22.pdf","<a href = ""https://www.cookcountyil.gov/sites/g/files/ywwepo161/files/documents/2022-02/ARPA%20At%20A%20Glance%20-%202-10-22.pdf"">Cook County ARPA Recovery Plan</a>"
Chicago,ARPA,Head Start,U.S. Department of Health and Human Services,"Head Start promotes school readiness of infants, toddlers, and pre-school-aged children from low-income families","Head Start promotes school readiness of infants, toddlers, and pre-school-aged children from low-income families",Household Investment,Household Supportive Services,51.78,2021-07-14,2026-12-31,0,1,"https://www.chicago.gov/city/en/depts/mayor/press_room/press_releases/2021/july/HeadStartEarlyStartAwards.html""><a href = ""https://www.chicago.gov/city/en/depts/mayor/press_room/press_releases/2021/july/HeadStartEarlyStartAwards.html","<a href = ""https://www.chicago.gov/city/en/depts/mayor/press_room/press_releases/2021/july/HeadStartEarlyStartAwards.html"">City of Chicago Office of Mayor Lori Lightfoot</a>"
Chicago,ARPA State and Local Fiscal Recovery Funds,Increase access to broadband internet connection,Office of Budget and Management,Neighborhood-scale broadband investments,Expands Chicago Connected by funding neighborhood-scale broadband and leverage City assets to increase broadband affordability in communities,Household Investment,Household Supportive Services,10,2021-09-20,2024-12-31,0,1,"https://www.chicago.gov/content/dam/city/depts/obm/supp_info/2022Budget/ChicagoRecoveryPlan.pdf""><a href = ""https://www.chicago.gov/content/dam/city/depts/obm/supp_info/2022Budget/ChicagoRecoveryPlan.pdf","<a href = ""https://www.chicago.gov/content/dam/city/depts/obm/supp_info/2022Budget/ChicagoRecoveryPlan.pdf"">City of Chicago ARPA Recovery Plan</a>"
Chicago,Chicago General Obligation Bond,Increase access to broadband internet connection,Office of Budget and Management,Neighborhood-scale broadband investments,Expands Chicago Connected by funding neighborhood-scale broadband and leverage City assets to increase broadband affordability in communities,Household Investment,Household Supportive Services,18,2021-09-20,2024-12-31,0,1,"https://www.chicago.gov/content/dam/city/depts/obm/supp_info/2022Budget/ChicagoRecoveryPlan.pdf""><a href = ""https://www.chicago.gov/city/en/sites/chicago-recovery-plan/home/dashboards.html","<a href = ""https://www.chicago.gov/city/en/sites/chicago-recovery-plan/home/dashboards.html"">City of Chicago</a>"
Illinois,ARPA,Low Income Home Energy Assistance Program,Illinois Department of Commerce and Economic Opportunity,Provides home energy bill assistance,"The Low-Income Home Energy Assistance Program (LIHEAP) provides assistance in managing costs associated with home energy bills, energy crises, weatherization and energy-related minor home repairs",Household Investment,Utility Assistance,252.79,2022-09-15,2024-12-31,0,1,"https://budget.illinois.gov/content/dam/soi/en/web/budget/documents/lboc/LBOC-Report-August%202022.pdf""><a href = ""https://budget.illinois.gov/content/dam/soi/en/web/budget/documents/lboc/LBOC-Report-August%202022.pdf","<a href = ""https://budget.illinois.gov/content/dam/soi/en/web/budget/documents/lboc/LBOC-Report-August%202022.pdf"">State of Illinois Executive Office of the Governor Governor's Office of Management and Budget</a>"
Illinois,CARES,Low Income Home Energy Assistance Program,U.S. Department of Health and Human Services,Provides home energy bill assistance,"The Low Income Home Energy Assistance Program (LIHEAP) provides assistance in managing costs associated with home energy bills, energy crises, weatherization and energy-related minor home repairs",Household Investment,Household Supportive Services,42,2022-09-15,2021-09-30,1,1,"https://budget.illinois.gov/content/dam/soi/en/web/budget/documents/lboc/LBOC-Report-August%202022.pdf""><a href = ""https://budget.illinois.gov/content/dam/soi/en/web/budget/documents/lboc/LBOC-Report-August%202022.pdf","<a href = ""https://budget.illinois.gov/content/dam/soi/en/web/budget/documents/lboc/LBOC-Report-August%202022.pdf"">State of Illinois Executive Office of the Governor Governor's Office of Management and Budget</a>"
Illinois,ARPA,Low Income Household Water Assistance Program,Illinois Department of Commerce and Economic Opportunity,Assists low-income households with affordable drinking water and wastewater services,"The Low Income Household Water Assistance Program will assist low-income households, particularly those with the lowest incomes and that pay a high proportion of household income for drinking water and wastewater services, by providing funds to owners or operators of public water systems or treatment works to reduce arrearages of and rates charged to low-income households for water and wastewater services.",Household Investment,Utility Assistance,55,2022-09-15,2024-12-31,0,1,"https://budget.illinois.gov/content/dam/soi/en/web/budget/documents/lboc/LBOC-Report-August%202022.pdf""><a href = ""https://budget.illinois.gov/content/dam/soi/en/web/budget/documents/lboc/LBOC-Report-August%202022.pdf","<a href = ""https://budget.illinois.gov/content/dam/soi/en/web/budget/documents/lboc/LBOC-Report-August%202022.pdf"">State of Illinois Executive Office of the Governor Governor's Office of Management and Budget</a>"
Chicago,ARPA State and Local Fiscal Recovery Funds,Targeted financial and legal assistance for underserved residents,"Chicago Department of Family and Support Services, Department of Business Affairs and Consumer Protection","Financial assistance programs for underserved communities, including monthly cash assistance","Creates immediate financial assistance programs for underserved communities such as undocumented residents, domestic workers, and small community-based nonprofits providing safety net services; pilot a monthly cash assistance program for hard-hit, low-income households in need of additional economic stability; expand legal assistance programs through the Legal Protection Fund and Community Justice Initiative",Household Investment,Targeted Economic Assistance,71,2021-09-20,2024-12-31,0,1,"https://www.chicago.gov/content/dam/city/depts/obm/supp_info/2022Budget/ChicagoRecoveryPlan.pdf""><a href = ""https://www.chicago.gov/content/dam/city/depts/obm/supp_info/2022Budget/ChicagoRecoveryPlan.pdf","<a href = ""https://www.chicago.gov/content/dam/city/depts/obm/supp_info/2022Budget/ChicagoRecoveryPlan.pdf"">City of Chicago ARPA Recovery Plan</a>"
Illinois,ARPA State and Local Fiscal Recovery Funds,Unemployment Insurance Extension Implementation Grants,Illinois Department of Employment Security,Implementation of extended unemployment insurance,These funds support implementation of extended unemployment insurance,Household Investment,Household Supportive Services,0.28,2022-09-15,2024-12-31,0,1,"https://budget.illinois.gov/content/dam/soi/en/web/budget/documents/lboc/LBOC-Report-August%202022.pdf""><a href = ""https://budget.illinois.gov/content/dam/soi/en/web/budget/documents/lboc/LBOC-Report-August%202022.pdf","<a href = ""https://budget.illinois.gov/content/dam/soi/en/web/budget/documents/lboc/LBOC-Report-August%202022.pdf"">State of Illinois Executive Office of the Governor Governor's Office of Management and Budget</a>"
Cook County,ARPA State and Local Fiscal Recovery Funds,Veteran grant program,Cook County Department of Veterans Affairs,Establishing a fund to provide grants for community-based veteran service organizations and veteran-owned businesses,The Department of Veterans Affairs will establish a fund to provide grants to community-based veteran service organizations and veteran-owned businesses. The Veteran Grant Program will begin with a seed of $5 million for grants in the following areas: Program Enhancement; Capital Improvements; and Small Business Development.,Household Investment,Targeted Economic Assistance,3.59,2022-02-10,2024-12-31,0,0,"https://www.cookcountyil.gov/sites/g/files/ywwepo161/files/documents/2022-02/ARPA%20At%20A%20Glance%20-%202-10-22.pdf""><a href = ""https://www.cookcountyil.gov/sites/g/files/ywwepo161/files/documents/2022-02/ARPA%20At%20A%20Glance%20-%202-10-22.pdf","<a href = ""https://www.cookcountyil.gov/sites/g/files/ywwepo161/files/documents/2022-02/ARPA%20At%20A%20Glance%20-%202-10-22.pdf"">Cook County ARPA Recovery Plan</a>"
Chicago,Chicago General Obligation Bond,Water reconnection program,Chicago Department of Water Management,Plumbing and water reconnection repairs,Complete plumbing and water reconnection repairs for households unable to make repairs necessary to access clean municipal water sources,Household Investment,Household Supportive Services,13,2021-09-20,2024-12-31,0,1,"https://www.chicago.gov/content/dam/city/depts/obm/supp_info/2022Budget/ChicagoRecoveryPlan.pdf""><a href = ""https://www.chicago.gov/city/en/sites/chicago-recovery-plan/home/dashboards.html","<a href = ""https://www.chicago.gov/city/en/sites/chicago-recovery-plan/home/dashboards.html"">City of Chicago</a>"
